facility_id,period,opd_visits,anc1_first_visit,anc4_visits,facility_deliveries,bcg_doses,penta1_doses,penta3_doses,measles1_doses,fully_immunized_under1,vaccine_stockout_days,eligible_under1_population,submission_date
FAC00001,2024-01,6647.0,395.0,189.0,105.0,103.0,72.0,22.0,18.0,14.0,3,361,2024-02-19
FAC00001,2024-02,7532.0,448.0,234.0,131.0,332.0,81.0,24.0,23.0,21.0,1,385,2024-02-21
FAC00001,2024-03,7545.0,449.0,150.0,112.0,117.0,81.0,23.0,21.0,15.0,5,392,2024-04-14
FAC00001,2024-04,7008.0,417.0,275.0,213.0,108.0,75.0,21.0,19.0,15.0,2,376,2024-05-02
FAC00001,2024-05,9211.0,548.0,260.0,225.0,143.0,99.0,28.0,24.0,22.0,2,379,2024-06-07
FAC00001,2024-06,,553.0,340.0,263.0,144.0,100.0,29.0,21.0,19.0,7,387,2024-07-06
FAC00002,2024-01,5918.0,99.0,48.0,,689.0,143.0,108.0,89.0,71.0,6,887,2024-02-09
FAC00002,2024-02,6923.0,116.0,68.0,50.0,806.0,167.0,114.0,110.0,,1,822,2024-03-09
FAC00002,2024-03,7033.0,118.0,65.0,,,170.0,128.0,,,5,865,2024-04-16
FAC00002,2024-04,6767.0,113.0,58.0,49.0,,163.0,,113.0,103.0,1,825,2024-05-10
FAC00002,2024-05,6428.0,107.0,37.0,24.0,748.0,155.0,93.0,87.0,63.0,1,849,2024-06-06
FAC00002,2024-06,5755.0,96.0,60.0,36.0,670.0,139.0,83.0,62.0,50.0,3,882,2024-07-08
FAC00003,2024-01,2699.0,206.0,100.0,71.0,480.0,331.0,362.0,19.0,13.0,1,1135,2024-02-12
FAC00003,2024-02,2938.0,224.0,246.0,118.0,523.0,360.0,27.0,24.0,21.0,1,1140,2024-03-09
FAC00003,2024-03,2994.0,228.0,124.0,76.0,533.0,367.0,27.0,26.0,22.0,4,1143,2024-04-07
FAC00003,2024-04,2784.0,212.0,82.0,54.0,495.0,341.0,24.0,22.0,16.0,5,1132,2024-05-31
FAC00003,2024-05,2875.0,219.0,101.0,53.0,512.0,352.0,26.0,18.0,14.0,3,1149,2024-06-19
FAC00003,2024-06,,213.0,130.0,101.0,499.0,343.0,26.0,24.0,20.0,1,1187,2024-06-29
FAC00004,2024-01,2345.0,412.0,145.0,,169.0,591.0,482.0,443.0,210.0,0,674,2024-02-03
FAC00004,2024-02,3017.0,530.0,200.0,169.0,217.0,761.0,590.0,546.0,258.0,0,681,2024-03-21
FAC00004,2024-03,2415.0,424.0,154.0,87.0,174.0,609.0,456.0,423.0,199.0,0,698,2024-04-07
FAC00004,2024-04,2663.0,468.0,168.0,125.0,192.0,672.0,497.0,447.0,217.0,0,698,2024-05-11
FAC00004,2024-05,2400.0,422.0,153.0,108.0,173.0,605.0,454.0,425.0,198.0,0,673,2024-06-10
FAC00004,2024-06,2614.0,459.0,173.0,90.0,188.0,659.0,423.0,330.0,223.0,0,708,2024-07-10
FAC00005,2024-01,5906.0,419.0,98.0,72.0,24.0,265.0,213.0,163.0,132.0,1,992,2024-02-09
FAC00005,2024-02,4916.0,348.0,77.0,62.0,20.0,220.0,189.0,166.0,137.0,1,966,2024-03-20
FAC00005,2024-03,6615.0,469.0,101.0,59.0,27.0,296.0,250.0,199.0,140.0,1,1050,2024-04-19
FAC00005,2024-04,5605.0,397.0,84.0,42.0,23.0,251.0,151.0,132.0,104.0,2,976,2024-05-15
FAC00005,2024-05,5845.0,414.0,89.0,57.0,,262.0,198.0,167.0,124.0,3,996,2024-06-22
FAC00005,2024-06,6717.0,476.0,106.0,93.0,27.0,301.0,,140.0,121.0,3,1048,2024-07-18
FAC00006,2024-01,9426.0,417.0,202.0,37.0,205.0,85.0,75.0,73.0,5.0,0,745,2024-02-03
FAC00006,2024-02,12105.0,535.0,271.0,45.0,263.0,110.0,71.0,50.0,7.0,1,742,2024-03-09
FAC00006,2024-03,9952.0,440.0,248.0,36.0,216.0,90.0,68.0,62.0,5.0,1,786,2024-04-12
FAC00006,2024-04,11909.0,527.0,293.0,42.0,259.0,108.0,,,6.0,3,715,2024-05-15
FAC00006,2024-05,,545.0,274.0,44.0,268.0,112.0,70.0,53.0,6.0,0,750,2024-06-04
FAC00006,2024-06,10933.0,484.0,241.0,,238.0,99.0,79.0,78.0,,2,756,2024-07-17
FAC00007,2024-01,7865.0,,184.0,96.0,310.0,311.0,207.0,153.0,122.0,0,359,2024-02-12
FAC00007,2024-02,8117.0,648.0,181.0,99.0,320.0,321.0,277.0,226.0,204.0,0,354,2024-03-14
FAC00007,2024-03,8582.0,685.0,185.0,137.0,338.0,339.0,226.0,215.0,,0,332,2024-04-07
FAC00007,2024-04,9170.0,732.0,195.0,156.0,361.0,363.0,278.0,240.0,173.0,0,339,2024-05-17
FAC00007,2024-05,6658.0,531.0,654.0,92.0,262.0,263.0,228.0,171.0,141.0,0,348,2024-06-10
FAC00007,2024-06,6941.0,554.0,155.0,134.0,273.0,274.0,173.0,160.0,151.0,0,358,2024-07-06
FAC00008,2024-01,6574.0,281.0,167.0,46.0,183.0,628.0,155.0,108.0,94.0,0,61,2024-02-07
FAC00008,2024-02,7567.0,324.0,146.0,50.0,481.0,722.0,171.0,160.0,131.0,0,60,2024-03-02
FAC00008,2024-03,8093.0,347.0,187.0,,226.0,773.0,176.0,162.0,115.0,0,66,2024-04-13
FAC00008,2024-04,8249.0,353.0,167.0,52.0,230.0,788.0,177.0,171.0,138.0,0,64,2024-05-27
FAC00008,2024-05,10451.0,448.0,193.0,67.0,596.0,998.0,228.0,201.0,154.0,0,62,2024-06-14
FAC00008,2024-06,8122.0,,205.0,54.0,226.0,775.0,183.0,142.0,123.0,0,62,2024-07-08
FAC00009,2024-01,279.0,560.0,312.0,140.0,695.0,509.0,70.0,59.0,43.0,0,424,2024-02-11
FAC00009,2024-02,281.0,565.0,353.0,135.0,701.0,513.0,68.0,55.0,44.0,0,444,2024-03-21
FAC00009,2024-03,241.0,484.0,292.0,111.0,600.0,439.0,56.0,48.0,40.0,0,423,2024-04-14
FAC00009,2024-04,302.0,607.0,218.0,111.0,753.0,551.0,69.0,64.0,60.0,0,440,2024-05-15
FAC00009,2024-05,263.0,529.0,227.0,122.0,656.0,480.0,61.0,56.0,41.0,0,456,2024-06-13
FAC00009,2024-06,284.0,570.0,271.0,,707.0,517.0,,54.0,47.0,0,458,2024-07-01
FAC00010,2024-01,,573.0,692.0,51.0,42.0,165.0,130.0,42.0,32.0,6,140,2024-01-30
FAC00010,2024-02,5737.0,469.0,210.0,40.0,34.0,135.0,158.0,33.0,24.0,3,144,2024-03-07
FAC00010,2024-03,7723.0,632.0,274.0,52.0,46.0,182.0,117.0,43.0,38.0,3,143,2024-03-30
FAC00010,2024-04,6874.0,563.0,241.0,46.0,41.0,162.0,130.0,37.0,28.0,3,150,2024-05-07
FAC00010,2024-05,7229.0,592.0,256.0,49.0,43.0,170.0,140.0,40.0,31.0,4,150,2024-06-08
FAC00010,2024-06,6134.0,502.0,225.0,43.0,37.0,145.0,98.0,35.0,25.0,3,146,2024-07-07
FAC00011,2024-01,3443.0,653.0,271.0,123.0,553.0,766.0,10.0,9.0,7.0,2,448,2024-02-10
FAC00011,2024-02,3607.0,684.0,270.0,123.0,579.0,802.0,10.0,8.0,6.0,6,444,2024-03-07
FAC00011,2024-03,2772.0,525.0,201.0,91.0,445.0,616.0,7.0,6.0,5.0,2,462,2024-04-18
FAC00011,2024-04,2896.0,549.0,207.0,94.0,465.0,644.0,,7.0,5.0,4,447,2024-05-09
FAC00011,2024-05,2834.0,537.0,205.0,93.0,455.0,630.0,8.0,6.0,4.0,1,438,2024-06-15
FAC00011,2024-06,3477.0,659.0,261.0,118.0,558.0,773.0,10.0,7.0,6.0,2,445,2024-07-14
FAC00012,2024-01,379.0,22.0,15.0,9.0,439.0,654.0,435.0,229.0,191.0,3,138,2024-02-03
FAC00012,2024-01,379.0,22.0,15.0,9.0,427.0,654.0,435.0,229.0,191.0,3,138,2024-02-03
FAC00012,2024-02,,21.0,8.0,6.0,422.0,1785.0,407.0,209.0,186.0,5,143,2024-03-04
FAC00012,2024-03,380.0,22.0,9.0,5.0,440.0,656.0,499.0,211.0,189.0,5,147,2024-03-27
FAC00012,2024-04,491.0,29.0,9.0,5.0,568.0,847.0,578.0,269.0,254.0,2,151,2024-05-07
FAC00012,2024-05,462.0,27.0,15.0,9.0,535.0,798.0,482.0,257.0,196.0,5,150,2024-06-04
FAC00012,2024-06,468.0,27.0,17.0,,542.0,808.0,547.0,269.0,236.0,0,146,2024-07-03
FAC00013,2024-01,6977.0,554.0,263.0,229.0,745.0,201.0,153.0,44.0,37.0,3,1144,2024-02-12
FAC00013,2024-02,7645.0,607.0,207.0,166.0,816.0,221.0,159.0,46.0,35.0,1,1109,2024-03-17
FAC00013,2024-03,7949.0,631.0,276.0,149.0,848.0,230.0,165.0,47.0,38.0,2,1198,2024-04-12
FAC00013,2024-04,6081.0,483.0,208.0,154.0,649.0,176.0,118.0,35.0,27.0,1,1212,2024-05-08
FAC00013,2024-05,7827.0,,237.0,166.0,835.0,226.0,164.0,46.0,41.0,0,1156,2024-06-15
FAC00013,2024-06,7752.0,615.0,200.0,,827.0,,139.0,47.0,42.0,3,1126,2024-07-23
FAC00014,2024-01,6856.0,658.0,195.0,54.0,653.0,734.0,35.0,31.0,27.0,1,248,2024-02-18
FAC00014,2024-02,7247.0,695.0,196.0,55.0,690.0,,,32.0,,4,243,2024-03-13
FAC00014,2024-03,7702.0,739.0,201.0,56.0,,825.0,37.0,36.0,32.0,3,229,2024-04-19
FAC00014,2024-04,7061.0,677.0,182.0,51.0,673.0,756.0,33.0,32.0,28.0,3,241,2024-05-24
FAC00014,2024-05,7039.0,675.0,184.0,51.0,671.0,754.0,33.0,29.0,21.0,4,227,2024-06-23
FAC00014,2024-06,6829.0,655.0,,52.0,651.0,731.0,34.0,25.0,22.0,3,248,2024-07-18
FAC00015,2024-01,9028.0,468.0,282.0,250.0,763.0,757.0,312.0,244.0,219.0,1,679,2024-02-03
FAC00015,2024-02,6639.0,344.0,166.0,103.0,561.0,557.0,219.0,157.0,126.0,3,717,2024-03-17
FAC00015,2024-03,9739.0,505.0,186.0,135.0,823.0,817.0,310.0,262.0,225.0,1,689,2024-04-15
FAC00015,2024-04,7409.0,,249.0,149.0,626.0,621.0,233.0,163.0,149.0,3,695,2024-05-06
FAC00015,2024-05,6700.0,,132.0,83.0,566.0,562.0,213.0,188.0,174.0,2,665,2024-06-16
FAC00015,2024-06,7612.0,395.0,128.0,64.0,643.0,638.0,,215.0,192.0,1,665,2024-07-24
FAC00016,2024-01,3836.0,194.0,92.0,55.0,576.0,559.0,314.0,298.0,278.0,0,1148,2024-02-04
FAC00016,2024-02,5588.0,283.0,186.0,160.0,839.0,815.0,436.0,395.0,303.0,0,1149,2024-03-22
FAC00016,2024-03,5146.0,261.0,146.0,125.0,,750.0,388.0,309.0,217.0,0,1224,2024-03-28
FAC00016,2024-04,4166.0,211.0,121.0,82.0,625.0,607.0,310.0,274.0,209.0,0,1195,2024-05-04
FAC00016,2024-05,4247.0,215.0,144.0,111.0,638.0,619.0,320.0,227.0,185.0,0,1175,2024-06-07
FAC00016,2024-06,5184.0,262.0,286.0,77.0,778.0,756.0,404.0,304.0,224.0,0,1224,2024-07-05
FAC00017,2024-01,2326.0,573.0,,,588.0,447.0,326.0,132.0,122.0,0,976,2024-02-21
FAC00017,2024-02,1828.0,450.0,47.0,26.0,462.0,351.0,,99.0,76.0,0,1005,2024-03-17
FAC00017,2024-03,2159.0,532.0,54.0,27.0,545.0,415.0,454.0,113.0,79.0,0,1009,2024-04-09
FAC00017,2024-04,2593.0,639.0,64.0,37.0,655.0,498.0,,134.0,110.0,0,995,2024-05-04
FAC00017,2024-05,2583.0,636.0,64.0,37.0,653.0,497.0,359.0,135.0,117.0,0,1033,2024-05-31
FAC00017,2024-06,2211.0,544.0,57.0,33.0,1257.0,425.0,374.0,120.0,108.0,0,1006,2024-06-27
FAC00018,2024-02,808.0,109.0,5.0,3.0,206.0,517.0,196.0,156.0,134.0,1,1142,2024-03-18
FAC00018,2024-03,845.0,114.0,5.0,3.0,215.0,541.0,198.0,,137.0,2,1165,2024-04-07
FAC00018,2024-04,840.0,114.0,5.0,4.0,214.0,1265.0,194.0,164.0,127.0,2,1103,2024-05-19
FAC00018,2024-05,1169.0,158.0,7.0,5.0,298.0,748.0,274.0,216.0,172.0,2,1084,2024-05-24
FAC00018,2024-06,975.0,132.0,6.0,3.0,248.0,624.0,236.0,172.0,145.0,1,1141,2024-07-07
FAC00019,2024-01,2061.0,459.0,198.0,152.0,484.0,229.0,164.0,137.0,,3,940,2024-02-07
FAC00019,2024-02,2121.0,472.0,265.0,148.0,498.0,235.0,174.0,134.0,113.0,2,922,2024-03-12
FAC00019,2024-03,1724.0,384.0,452.0,141.0,405.0,191.0,156.0,105.0,80.0,4,953,2024-04-19
FAC00019,2024-04,2049.0,456.0,145.0,120.0,481.0,227.0,183.0,124.0,97.0,9,906,2024-05-07
FAC00019,2024-05,1709.0,380.0,124.0,90.0,401.0,190.0,146.0,104.0,87.0,2,890,2024-06-10
FAC00019,2024-06,1605.0,357.0,201.0,152.0,377.0,178.0,128.0,101.0,81.0,1,902,2024-07-09
FAC00020,2024-01,7655.0,198.0,91.0,81.0,146.0,593.0,196.0,122.0,95.0,6,722,2024-02-14
FAC00020,2024-02,8690.0,225.0,119.0,67.0,166.0,673.0,212.0,132.0,111.0,2,698,2024-03-18
FAC00020,2024-03,8569.0,222.0,74.0,55.0,164.0,663.0,202.0,126.0,104.0,2,734,2024-04-14
FAC00020,2024-04,7770.0,201.0,83.0,54.0,149.0,602.0,181.0,113.0,97.0,3,684,2024-05-19
FAC00020,2024-05,8358.0,216.0,82.0,73.0,160.0,647.0,197.0,123.0,95.0,6,725,2024-06-19
FAC00020,2024-06,6909.0,179.0,88.0,47.0,132.0,535.0,169.0,105.0,94.0,6,740,2024-07-19
FAC00021,2024-01,3460.0,473.0,173.0,90.0,180.0,827.0,566.0,476.0,434.0,1,951,2024-02-22
FAC00021,2024-02,3388.0,463.0,255.0,155.0,176.0,810.0,969.0,518.0,401.0,1,887,2024-03-07
FAC00021,2024-03,2953.0,404.0,242.0,136.0,153.0,706.0,445.0,391.0,371.0,2,879,2024-04-26
FAC00021,2024-04,3967.0,,213.0,111.0,206.0,948.0,590.0,419.0,,1,915,2024-05-18
FAC00021,2024-05,3700.0,506.0,151.0,94.0,192.0,884.0,557.0,428.0,306.0,0,926,2024-06-10
FAC00021,2024-06,3567.0,488.0,252.0,133.0,186.0,853.0,994.0,430.0,393.0,0,953,2024-07-08
FAC00022,2024-01,4765.0,465.0,146.0,89.0,598.0,262.0,142.0,140.0,110.0,0,887,2024-02-16
FAC00022,2024-02,5464.0,533.0,163.0,91.0,686.0,301.0,156.0,,116.0,0,895,2024-03-07
FAC00022,2024-03,4463.0,435.0,128.0,79.0,560.0,245.0,123.0,119.0,83.0,0,928,2024-04-20
FAC00022,2024-04,6256.0,610.0,178.0,107.0,785.0,344.0,170.0,130.0,115.0,0,968,2024-05-12
FAC00022,2024-05,5736.0,560.0,165.0,131.0,720.0,316.0,158.0,140.0,,0,953,2024-06-15
FAC00022,2024-06,4648.0,453.0,139.0,116.0,583.0,256.0,132.0,98.0,86.0,0,939,2024-07-14
FAC00023,2024-01,2434.0,338.0,173.0,130.0,500.0,49.0,32.0,14.0,9.0,3,859,2024-02-07
FAC00023,2024-02,2518.0,350.0,192.0,142.0,517.0,51.0,38.0,13.0,10.0,1,891,2024-03-09
FAC00023,2024-03,2461.0,342.0,186.0,,505.0,50.0,37.0,,9.0,0,894,2024-04-15
FAC00023,2024-04,2291.0,318.0,108.0,69.0,470.0,46.0,28.0,12.0,11.0,4,876,2024-05-10
FAC00023,2024-05,2866.0,398.0,211.0,116.0,,58.0,44.0,15.0,12.0,4,848,2024-06-17
FAC00023,2024-06,1909.0,265.0,83.0,56.0,392.0,39.0,32.0,10.0,7.0,4,902,2024-07-15
FAC00024,2024-01,2390.0,136.0,88.0,50.0,125.0,664.0,587.0,449.0,,5,146,2024-02-17
FAC00024,2024-02,2496.0,142.0,71.0,56.0,131.0,693.0,564.0,493.0,443.0,5,146,2024-03-06
FAC00024,2024-03,2489.0,,95.0,54.0,,,589.0,498.0,370.0,4,146,2024-04-14
FAC00024,2024-04,2523.0,143.0,78.0,54.0,132.0,700.0,590.0,503.0,409.0,2,154,2024-05-16
FAC00024,2024-06,2526.0,144.0,83.0,56.0,132.0,701.0,619.0,486.0,405.0,2,160,2024-07-19
FAC00025,2024-01,7740.0,211.0,82.0,57.0,145.0,310.0,149.0,104.0,89.0,5,855,2024-02-08
FAC00025,2024-02,8407.0,229.0,107.0,67.0,157.0,337.0,154.0,122.0,115.0,4,865,2024-03-06
FAC00025,2024-03,8603.0,234.0,92.0,53.0,161.0,345.0,152.0,138.0,104.0,5,813,2024-04-15
FAC00025,2024-04,8464.0,231.0,103.0,76.0,158.0,339.0,148.0,110.0,97.0,3,856,2024-05-16
FAC00025,2024-05,7943.0,216.0,98.0,81.0,148.0,318.0,141.0,126.0,102.0,1,861,2024-06-07
FAC00025,2024-06,10685.0,291.0,136.0,113.0,414.0,428.0,196.0,143.0,126.0,4,831,2024-07-05
FAC00026,2024-01,4624.0,281.0,172.0,151.0,395.0,141.0,96.0,78.0,72.0,0,725,2024-02-02
FAC00026,2024-02,4635.0,282.0,134.0,103.0,396.0,142.0,99.0,76.0,65.0,0,701,2024-03-10
FAC00026,2024-03,6108.0,372.0,255.0,172.0,521.0,187.0,126.0,119.0,104.0,0,750,2024-04-06
FAC00026,2024-04,4563.0,278.0,171.0,138.0,389.0,140.0,167.0,,58.0,0,735,2024-05-08
FAC00026,2024-05,4480.0,273.0,185.0,107.0,382.0,137.0,107.0,82.0,68.0,0,750,2024-06-04
FAC00026,2024-06,,242.0,82.0,46.0,339.0,122.0,88.0,75.0,55.0,0,731,2024-07-05
FAC00027,2024-01,4259.0,429.0,235.0,23.0,,608.0,,28.0,19.0,1,478,2024-02-09
FAC00027,2024-02,5968.0,601.0,263.0,31.0,952.0,852.0,50.0,42.0,31.0,2,467,2024-03-07
FAC00027,2024-03,4397.0,442.0,,22.0,701.0,627.0,35.0,31.0,28.0,1,506,2024-04-11
FAC00027,2024-04,5095.0,513.0,,,,727.0,40.0,36.0,26.0,3,471,2024-05-09
FAC00027,2024-05,5620.0,566.0,309.0,28.0,897.0,802.0,45.0,34.0,30.0,3,506,2024-06-07
FAC00027,2024-06,4003.0,403.0,187.0,20.0,639.0,571.0,33.0,23.0,18.0,1,511,2024-06-27
FAC00028,2024-01,6396.0,306.0,32.0,17.0,300.0,648.0,302.0,224.0,185.0,0,828,2024-02-15
FAC00028,2024-02,7560.0,362.0,36.0,,354.0,766.0,340.0,306.0,223.0,3,868,2024-03-11
FAC00028,2024-04,7824.0,374.0,36.0,19.0,367.0,793.0,336.0,245.0,172.0,4,845,2024-05-22
FAC00028,2024-05,5445.0,260.0,25.0,18.0,255.0,552.0,236.0,216.0,200.0,6,889,2024-06-11
FAC00028,2024-06,7539.0,361.0,36.0,,353.0,764.0,339.0,320.0,278.0,3,846,2024-07-16
FAC00029,2024-01,6669.0,470.0,165.0,44.0,440.0,21.0,13.0,12.0,8.0,4,1158,2024-02-22
FAC00029,2024-02,9678.0,682.0,208.0,61.0,639.0,31.0,26.0,18.0,14.0,4,1094,2024-03-08
FAC00029,2024-03,7173.0,505.0,164.0,44.0,474.0,23.0,13.0,12.0,9.0,6,1162,2024-04-17
FAC00029,2024-05,,576.0,186.0,50.0,,26.0,18.0,14.0,11.0,4,1109,2024-06-20
FAC00029,2024-06,8842.0,623.0,209.0,56.0,584.0,29.0,24.0,23.0,20.0,6,1106,2024-07-12
FAC00030,2024-01,3649.0,527.0,103.0,66.0,4472.0,46.0,35.0,33.0,30.0,4,660,2024-02-17
FAC00030,2024-02,3221.0,465.0,86.0,64.0,666.0,40.0,33.0,,28.0,4,623,2024-03-16
FAC00030,2024-03,4240.0,613.0,110.0,86.0,877.0,53.0,41.0,40.0,28.0,2,665,2024-04-15
FAC00030,2024-04,3244.0,469.0,83.0,51.0,671.0,40.0,32.0,24.0,18.0,2,681,2024-05-17
FAC00030,2024-05,4679.0,,121.0,94.0,968.0,59.0,48.0,37.0,31.0,3,651,2024-06-13
FAC00030,2024-06,3898.0,563.0,104.0,83.0,806.0,49.0,38.0,32.0,28.0,5,640,2024-07-05
FAC00031,2024-01,3072.0,113.0,49.0,42.0,154.0,241.0,159.0,120.0,20.0,0,589,2024-02-15
FAC00031,2024-02,3713.0,137.0,94.0,,187.0,291.0,203.0,138.0,23.0,0,627,2024-03-20
FAC00031,2024-03,3890.0,144.0,62.0,49.0,196.0,305.0,233.0,140.0,23.0,0,623,2024-04-26
FAC00031,2024-04,4106.0,152.0,100.0,67.0,207.0,322.0,246.0,146.0,24.0,0,616,2024-05-19
FAC00031,2024-05,29032.0,124.0,40.0,25.0,168.0,263.0,216.0,120.0,20.0,0,618,2024-06-10
FAC00031,2024-06,3568.0,132.0,47.0,24.0,,280.0,229.0,133.0,22.0,0,633,2024-07-07
FAC00032,2024-02,817.0,352.0,162.0,,674.0,315.0,253.0,192.0,160.0,1,815,2024-03-24
FAC00032,2024-03,,356.0,191.0,163.0,681.0,318.0,275.0,254.0,157.0,2,838,2024-04-15
FAC00032,2024-04,922.0,398.0,137.0,96.0,761.0,356.0,276.0,207.0,173.0,0,807,2024-05-26
FAC00032,2024-05,810.0,350.0,182.0,134.0,669.0,313.0,213.0,174.0,154.0,3,820,2024-06-09
FAC00032,2024-06,861.0,371.0,231.0,162.0,711.0,332.0,204.0,175.0,163.0,3,856,2024-07-07
FAC00033,2024-01,7665.0,371.0,186.0,122.0,170.0,44.0,37.0,30.0,23.0,2,970,2024-02-22
FAC00033,2024-02,8660.0,419.0,243.0,124.0,193.0,50.0,30.0,21.0,17.0,1,1012,2024-03-26
FAC00033,2024-03,10468.0,507.0,166.0,86.0,233.0,60.0,52.0,46.0,36.0,3,1000,2024-04-16
FAC00033,2024-04,9263.0,448.0,135.0,71.0,206.0,53.0,36.0,34.0,25.0,3,1009,2024-05-27
FAC00033,2024-04,9263.0,448.0,135.0,71.0,214.0,53.0,36.0,34.0,25.0,3,1009,2024-05-27
FAC00033,2024-05,7815.0,378.0,170.0,109.0,174.0,45.0,28.0,25.0,20.0,2,967,2024-06-23
FAC00033,2024-06,9881.0,478.0,162.0,124.0,220.0,,38.0,26.0,19.0,2,925,2024-07-18
FAC00034,2024-01,8936.0,516.0,158.0,137.0,45.0,695.0,24.0,21.0,18.0,2,537,2024-02-24
FAC00034,2024-03,8608.0,497.0,309.0,161.0,43.0,670.0,21.0,20.0,16.0,0,507,2024-04-15
FAC00034,2024-04,10451.0,603.0,308.0,273.0,52.0,813.0,867.0,19.0,13.0,3,510,2024-05-13
FAC00034,2024-05,10293.0,594.0,290.0,211.0,51.0,801.0,25.0,22.0,18.0,2,509,2024-06-16
FAC00034,2024-06,8824.0,509.0,173.0,153.0,44.0,686.0,22.0,18.0,14.0,2,510,2024-07-27
FAC00035,2024-01,8767.0,92.0,45.0,30.0,675.0,55.0,45.0,37.0,34.0,5,191,2024-02-23
FAC00035,2024-02,11158.0,117.0,36.0,26.0,859.0,70.0,56.0,53.0,37.0,3,197,2024-03-15
FAC00035,2024-03,8921.0,94.0,29.0,15.0,686.0,56.0,44.0,36.0,32.0,3,206,2024-04-16
FAC00035,2024-04,11413.0,120.0,59.0,38.0,878.0,71.0,45.0,37.0,33.0,1,202,2024-05-21
FAC00035,2024-05,12138.0,,48.0,42.0,934.0,76.0,48.0,40.0,36.0,3,201,2024-06-13
FAC00035,2024-06,10112.0,,44.0,29.0,778.0,63.0,,33.0,24.0,5,205,2024-07-20
FAC00036,2024-01,6883.0,598.0,302.0,210.0,724.0,714.0,59.0,,30.0,0,310,2024-02-18
FAC00036,2024-02,7948.0,691.0,351.0,296.0,837.0,825.0,65.0,46.0,42.0,0,321,2024-03-10
FAC00036,2024-03,5902.0,513.0,282.0,203.0,621.0,612.0,47.0,44.0,39.0,0,319,2024-04-13
FAC00036,2024-04,6481.0,563.0,304.0,213.0,682.0,672.0,51.0,50.0,40.0,0,313,2024-05-23
FAC00036,2024-05,8561.0,744.0,,333.0,901.0,888.0,68.0,53.0,48.0,0,310,2024-06-21
FAC00036,2024-06,17325.0,694.0,,,840.0,828.0,66.0,56.0,42.0,0,315,2024-07-13
FAC00037,2024-01,2660.0,465.0,89.0,7.0,89.0,164.0,131.0,40.0,35.0,2,433,2024-02-02
FAC00037,2024-02,3418.0,597.0,109.0,8.0,115.0,210.0,187.0,49.0,44.0,5,416,2024-03-08
FAC00037,2024-03,3744.0,654.0,116.0,9.0,126.0,230.0,143.0,52.0,46.0,5,424,2024-04-01
FAC00037,2024-04,4048.0,707.0,124.0,9.0,,249.0,172.0,56.0,40.0,7,409,2024-05-19
FAC00037,2024-05,4234.0,740.0,131.0,10.0,142.0,261.0,227.0,59.0,42.0,4,398,2024-05-24
FAC00037,2024-06,3157.0,551.0,,8.0,106.0,,,46.0,33.0,5,402,2024-06-30
FAC00038,2024-01,851.0,117.0,45.0,,679.0,131.0,104.0,63.0,44.0,3,158,2024-01-30
FAC00038,2024-02,859.0,118.0,75.0,65.0,685.0,132.0,92.0,60.0,43.0,2,172,2024-02-25
FAC00038,2024-03,878.0,121.0,56.0,33.0,700.0,135.0,86.0,60.0,42.0,1,168,2024-04-05
FAC00038,2024-04,881.0,121.0,43.0,30.0,703.0,136.0,114.0,59.0,48.0,6,162,2024-04-29
FAC00038,2024-05,1067.0,146.0,59.0,49.0,851.0,164.0,140.0,,53.0,5,166,2024-06-07
FAC00038,2024-06,1009.0,139.0,59.0,32.0,805.0,155.0,114.0,71.0,50.0,1,164,2024-07-09
FAC00039,2024-01,6529.0,144.0,56.0,34.0,71.0,,473.0,106.0,81.0,0,521,2024-01-29
FAC00039,2024-02,6450.0,142.0,90.0,73.0,70.0,674.0,487.0,99.0,79.0,0,554,2024-03-18
FAC00039,2024-03,7670.0,169.0,60.0,33.0,,802.0,523.0,114.0,99.0,0,553,2024-04-07
FAC00039,2024-04,6411.0,141.0,69.0,43.0,69.0,670.0,430.0,94.0,,0,546,2024-04-24
FAC00039,2024-05,5875.0,129.0,64.0,51.0,64.0,,454.0,87.0,67.0,0,562,2024-06-13
FAC00039,2024-06,,136.0,93.0,66.0,67.0,647.0,444.0,95.0,83.0,0,544,2024-06-26
FAC00040,2024-01,7227.0,267.0,118.0,61.0,433.0,560.0,238.0,76.0,56.0,3,1060,2024-02-11
FAC00040,2024-02,8230.0,,99.0,57.0,493.0,638.0,258.0,82.0,65.0,2,999,2024-02-25
FAC00040,2024-03,22363.0,308.0,117.0,79.0,500.0,647.0,253.0,80.0,57.0,4,1067,2024-04-10
FAC00040,2024-04,8297.0,,191.0,100.0,497.0,643.0,249.0,79.0,57.0,2,997,2024-04-23
FAC00040,2024-05,7296.0,269.0,82.0,56.0,437.0,566.0,221.0,70.0,51.0,7,1083,2024-05-22
FAC00040,2024-06,6930.0,256.0,111.0,82.0,415.0,537.0,217.0,69.0,,0,994,2024-07-13
FAC00041,2024-01,7902.0,311.0,213.0,77.0,59.0,109.0,80.0,57.0,46.0,2,479,2024-01-27
FAC00041,2024-02,8787.0,346.0,154.0,81.0,66.0,121.0,133.0,98.0,77.0,2,460,2024-03-16
FAC00041,2024-03,6628.0,261.0,106.0,59.0,49.0,91.0,66.0,49.0,38.0,2,492,2024-04-10
FAC00041,2024-04,9684.0,382.0,130.0,81.0,72.0,133.0,104.0,102.0,73.0,0,459,2024-05-20
FAC00041,2024-05,9288.0,366.0,151.0,83.0,69.0,128.0,93.0,68.0,47.0,2,501,2024-06-08
FAC00041,2024-06,7919.0,312.0,142.0,73.0,59.0,109.0,97.0,70.0,55.0,1,464,2024-07-03
FAC00042,2024-01,6300.0,527.0,98.0,59.0,247.0,700.0,340.0,,23.0,3,1171,2024-02-10
FAC00042,2024-02,6021.0,504.0,89.0,65.0,236.0,669.0,309.0,23.0,21.0,2,1114,2024-03-18
FAC00042,2024-03,7502.0,628.0,107.0,80.0,295.0,833.0,372.0,27.0,21.0,3,1219,2024-04-02
FAC00042,2024-04,,610.0,103.0,67.0,,810.0,357.0,26.0,24.0,0,1219,2024-05-08
FAC00042,2024-05,7804.0,653.0,695.0,84.0,307.0,867.0,387.0,29.0,24.0,2,1148,2024-06-17
FAC00042,2024-06,8260.0,692.0,122.0,,325.0,918.0,424.0,31.0,26.0,5,1170,2024-07-16
FAC00043,2024-01,3341.0,207.0,96.0,76.0,844.0,732.0,464.0,436.0,,2,538,2024-02-07
FAC00043,2024-02,3796.0,235.0,118.0,88.0,,831.0,528.0,420.0,296.0,4,555,2024-03-07
FAC00043,2024-03,3582.0,222.0,78.0,,905.0,784.0,482.0,414.0,355.0,3,580,2024-04-07
FAC00043,2024-04,3498.0,216.0,73.0,49.0,884.0,766.0,465.0,442.0,343.0,7,549,2024-05-07
FAC00043,2024-05,3045.0,188.0,101.0,,,667.0,409.0,401.0,302.0,2,537,2024-06-19
FAC00044,2024-01,3461.0,392.0,173.0,93.0,576.0,192.0,139.0,127.0,92.0,1,441,2024-02-07
FAC00044,2024-02,2826.0,320.0,139.0,113.0,470.0,157.0,103.0,91.0,78.0,4,425,2024-03-21
FAC00044,2024-03,3379.0,383.0,210.0,113.0,562.0,187.0,165.0,154.0,122.0,1,409,2024-04-03
FAC00044,2024-04,3387.0,384.0,130.0,110.0,564.0,188.0,141.0,132.0,104.0,0,409,2024-05-03
FAC00044,2024-05,3958.0,449.0,187.0,120.0,659.0,220.0,194.0,177.0,136.0,5,442,2024-06-05
FAC00044,2024-06,3577.0,406.0,128.0,83.0,595.0,198.0,120.0,87.0,73.0,1,426,2024-07-18
FAC00045,2024-01,8966.0,392.0,94.0,,527.0,383.0,154.0,42.0,38.0,7,434,2024-01-30
FAC00045,2024-02,11111.0,,111.0,69.0,653.0,475.0,182.0,49.0,35.0,4,447,2024-03-07
FAC00045,2024-03,12308.0,538.0,119.0,69.0,724.0,526.0,195.0,53.0,39.0,5,441,2024-04-15
FAC00045,2024-04,11047.0,483.0,105.0,63.0,649.0,472.0,173.0,47.0,41.0,1,459,2024-05-03
FAC00045,2024-05,9794.0,428.0,95.0,76.0,576.0,418.0,155.0,42.0,31.0,6,457,2024-06-15
FAC00045,2024-06,10227.0,447.0,102.0,76.0,601.0,437.0,168.0,45.0,32.0,2,438,2024-07-02
FAC00046,2024-01,4898.0,353.0,131.0,112.0,577.0,867.0,44.0,35.0,32.0,1,1005,2024-02-17
FAC00046,2024-02,4677.0,337.0,125.0,99.0,551.0,828.0,,29.0,24.0,1,975,2024-03-19
FAC00046,2024-03,4378.0,316.0,,,516.0,775.0,36.0,26.0,22.0,0,1045,2024-04-19
FAC00046,2024-04,4058.0,293.0,185.0,93.0,478.0,718.0,33.0,29.0,,1,1069,2024-05-10
FAC00046,2024-05,5227.0,377.0,246.0,150.0,616.0,926.0,43.0,34.0,24.0,2,1068,2024-06-19
FAC00046,2024-06,4831.0,348.0,126.0,63.0,569.0,855.0,41.0,30.0,,0,1012,2024-07-13
FAC00047,2024-01,528.0,106.0,44.0,36.0,175.0,436.0,290.0,224.0,67.0,2,777,2024-02-18
FAC00047,2024-02,722.0,145.0,52.0,26.0,239.0,596.0,428.0,353.0,88.0,4,811,2024-03-27
FAC00047,2024-03,603.0,121.0,43.0,37.0,200.0,499.0,360.0,288.0,71.0,2,778,2024-04-11
FAC00047,2024-04,584.0,117.0,75.0,51.0,194.0,483.0,348.0,290.0,68.0,5,760,2024-05-13
FAC00047,2024-05,579.0,116.0,54.0,44.0,192.0,479.0,429.0,341.0,68.0,9,770,2024-06-19
FAC00047,2024-06,755.0,151.0,46.0,40.0,250.0,624.0,460.0,378.0,92.0,0,760,2024-07-22
FAC00048,2024-01,6323.0,346.0,170.0,86.0,642.0,599.0,88.0,63.0,54.0,4,316,2024-02-09
FAC00048,2024-02,,451.0,251.0,,838.0,782.0,110.0,98.0,76.0,4,313,2024-03-11
FAC00048,2024-03,,357.0,168.0,87.0,663.0,619.0,84.0,75.0,,1,314,2024-04-16
FAC00048,2024-04,6584.0,360.0,119.0,73.0,668.0,1806.0,83.0,77.0,54.0,9,324,2024-05-19
FAC00048,2024-05,8238.0,450.0,290.0,200.0,836.0,780.0,106.0,92.0,72.0,6,325,2024-06-18
FAC00048,2024-06,6754.0,369.0,,,686.0,640.0,89.0,83.0,73.0,5,312,2024-07-19
FAC00049,2024-01,,285.0,95.0,64.0,612.0,747.0,350.0,332.0,23.0,0,459,2024-02-19
FAC00049,2024-02,3122.0,282.0,112.0,63.0,606.0,739.0,330.0,304.0,21.0,0,452,2024-03-04
FAC00049,2024-03,3129.0,283.0,187.0,61.0,607.0,741.0,319.0,254.0,21.0,0,424,2024-04-22
FAC00049,2024-03,3095.0,283.0,187.0,61.0,607.0,741.0,319.0,254.0,21.0,0,424,2024-04-22
FAC00049,2024-04,3954.0,,,76.0,768.0,937.0,399.0,339.0,26.0,0,423,2024-05-16
FAC00049,2024-05,3954.0,358.0,127.0,74.0,768.0,,1122.0,375.0,26.0,0,433,2024-06-01
FAC00049,2024-06,3840.0,347.0,216.0,77.0,746.0,910.0,406.0,403.0,27.0,0,431,2024-07-07
FAC00050,2024-01,9035.0,101.0,55.0,49.0,864.0,884.0,993.0,419.0,316.0,3,1114,2024-02-18
FAC00050,2024-02,6509.0,72.0,22.0,12.0,,637.0,316.0,274.0,229.0,1,1190,2024-03-18
FAC00050,2024-02,6771.0,72.0,22.0,12.0,,637.0,316.0,274.0,229.0,1,1190,2024-03-18
FAC00050,2024-03,7988.0,89.0,38.0,26.0,764.0,782.0,375.0,320.0,235.0,3,1171,2024-04-11
FAC00050,2024-04,7361.0,82.0,32.0,22.0,704.0,720.0,341.0,269.0,209.0,3,1088,2024-05-13
FAC00050,2024-05,9449.0,105.0,51.0,,903.0,925.0,443.0,412.0,322.0,4,1121,2024-06-01
FAC00050,2024-06,6517.0,72.0,35.0,23.0,623.0,638.0,,263.0,209.0,4,1156,2024-07-10
FAC00051,2024-01,8694.0,471.0,,18.0,556.0,574.0,516.0,,158.0,0,1157,2024-02-12
FAC00051,2024-02,7812.0,423.0,28.0,21.0,500.0,515.0,398.0,154.0,134.0,0,1074,2024-03-07
FAC00051,2024-03,9346.0,506.0,33.0,29.0,598.0,617.0,530.0,178.0,141.0,0,1147,2024-04-11
FAC00051,2024-04,9422.0,511.0,33.0,28.0,603.0,622.0,474.0,177.0,148.0,0,1062,2024-05-16
FAC00051,2024-05,7847.0,425.0,28.0,16.0,502.0,518.0,380.0,149.0,116.0,0,1143,2024-06-19
FAC00051,2024-06,7507.0,407.0,27.0,18.0,480.0,495.0,444.0,148.0,138.0,0,1149,2024-07-15
FAC00052,2024-01,2162.0,46.0,14.0,9.0,590.0,130.0,148.0,70.0,61.0,2,731,2024-02-03
FAC00052,2024-02,2249.0,48.0,16.0,11.0,613.0,135.0,94.0,78.0,67.0,3,721,2024-03-08
FAC00052,2024-03,2833.0,61.0,40.0,26.0,773.0,,150.0,143.0,110.0,1,700,2024-04-02
FAC00052,2024-04,2440.0,52.0,34.0,29.0,666.0,147.0,131.0,127.0,92.0,4,709,2024-05-11
FAC00052,2024-05,2814.0,60.0,38.0,27.0,768.0,169.0,139.0,103.0,81.0,4,683,2024-05-30
FAC00052,2024-06,2863.0,61.0,29.0,25.0,,172.0,114.0,82.0,,7,737,2024-07-09
FAC00053,2024-01,4612.0,545.0,11.0,9.0,457.0,239.0,161.0,148.0,119.0,2,225,2024-02-18
FAC00053,2024-02,5414.0,640.0,13.0,11.0,537.0,281.0,232.0,230.0,163.0,2,213,2024-03-15
FAC00053,2024-03,5541.0,655.0,13.0,9.0,550.0,287.0,236.0,226.0,179.0,0,217,2024-04-07
FAC00053,2024-04,5403.0,639.0,12.0,7.0,536.0,280.0,308.0,132.0,117.0,7,212,2024-05-24
FAC00053,2024-05,4645.0,549.0,11.0,8.0,461.0,241.0,186.0,179.0,150.0,3,228,2024-06-19
FAC00053,2024-06,4511.0,533.0,11.0,8.0,447.0,234.0,199.0,195.0,139.0,5,223,2024-07-06
FAC00054,2024-01,6779.0,192.0,8.0,5.0,165.0,409.0,319.0,272.0,237.0,1,566,2024-02-07
FAC00054,2024-02,,171.0,7.0,4.0,146.0,363.0,275.0,263.0,,3,560,2024-02-28
FAC00054,2024-03,7258.0,206.0,8.0,4.0,176.0,438.0,320.0,245.0,232.0,3,569,2024-04-14
FAC00054,2024-04,9225.0,262.0,10.0,6.0,224.0,557.0,403.0,,309.0,4,523,2024-04-30
FAC00054,2024-05,8301.0,236.0,,,202.0,501.0,367.0,358.0,310.0,4,571,2024-06-16
FAC00054,2024-06,7100.0,201.0,8.0,4.0,173.0,428.0,306.0,251.0,186.0,1,557,2024-07-07
FAC00055,2024-01,8575.0,323.0,132.0,72.0,135.0,76.0,64.0,63.0,49.0,5,214,2024-02-16
FAC00055,2024-02,9876.0,372.0,142.0,72.0,412.0,87.0,63.0,54.0,49.0,5,213,2024-03-10
FAC00055,2024-03,7793.0,294.0,178.0,146.0,123.0,69.0,73.0,40.0,32.0,2,221,2024-04-20
FAC00055,2024-04,8614.0,325.0,179.0,130.0,,76.0,54.0,43.0,32.0,6,218,2024-05-16
FAC00055,2024-05,9392.0,354.0,,131.0,148.0,83.0,60.0,43.0,35.0,3,205,2024-06-17
FAC00055,2024-06,9704.0,366.0,229.0,204.0,153.0,86.0,66.0,46.0,42.0,4,222,2024-07-22
FAC00056,2024-01,3898.0,480.0,38.0,28.0,408.0,161.0,98.0,86.0,65.0,2,543,2024-02-20
FAC00056,2024-02,5031.0,619.0,46.0,25.0,527.0,208.0,238.0,152.0,139.0,0,534,2024-03-16
FAC00056,2024-03,4950.0,609.0,44.0,25.0,519.0,205.0,182.0,149.0,128.0,0,505,2024-04-11
FAC00056,2024-04,5226.0,643.0,46.0,30.0,548.0,216.0,149.0,121.0,85.0,1,515,2024-05-24
FAC00056,2024-04,5226.0,643.0,46.0,30.0,549.0,216.0,149.0,121.0,85.0,1,515,2024-05-24
FAC00056,2024-05,4378.0,539.0,39.0,21.0,459.0,181.0,153.0,138.0,99.0,2,514,2024-06-17
FAC00056,2024-06,3899.0,480.0,36.0,31.0,409.0,161.0,127.0,110.0,96.0,1,519,2024-07-26
FAC00057,2024-01,9989.0,417.0,5.0,2.0,403.0,224.0,161.0,160.0,143.0,0,879,2024-02-15
FAC00057,2024-02,11138.0,465.0,5.0,3.0,449.0,250.0,215.0,173.0,125.0,0,912,2024-03-21
FAC00057,2024-03,8056.0,336.0,4.0,3.0,325.0,181.0,127.0,97.0,76.0,0,885,2024-04-18
FAC00057,2024-04,9018.0,377.0,4.0,,363.0,202.0,128.0,,65.0,0,839,2024-05-12
FAC00057,2024-05,9711.0,406.0,5.0,4.0,391.0,218.0,151.0,127.0,114.0,0,895,2024-06-09
FAC00057,2024-06,8572.0,358.0,4.0,3.0,345.0,192.0,132.0,124.0,88.0,0,898,2024-07-21
FAC00058,2024-01,1031.0,115.0,46.0,30.0,516.0,634.0,475.0,161.0,139.0,2,250,2024-01-22
FAC00058,2024-02,985.0,110.0,72.0,41.0,493.0,606.0,499.0,147.0,127.0,2,250,2024-03-23
FAC00058,2024-03,1112.0,124.0,69.0,38.0,557.0,684.0,516.0,160.0,118.0,3,263,2024-04-17
FAC00058,2024-04,1435.0,160.0,51.0,43.0,719.0,883.0,,204.0,164.0,5,263,2024-05-03
FAC00058,2024-05,1325.0,148.0,86.0,46.0,664.0,815.0,667.0,191.0,165.0,6,258,2024-05-31
FAC00058,2024-06,1313.0,146.0,77.0,41.0,658.0,808.0,589.0,196.0,,3,245,2024-07-10
FAC00059,2024-01,6440.0,273.0,168.0,27.0,522.0,477.0,59.0,55.0,42.0,0,713,2024-01-23
FAC00059,2024-02,4674.0,198.0,96.0,19.0,379.0,346.0,40.0,39.0,36.0,0,700,2024-03-06
FAC00059,2024-03,6563.0,279.0,164.0,26.0,532.0,486.0,55.0,40.0,28.0,0,709,2024-04-01
FAC00059,2024-04,7118.0,302.0,124.0,27.0,577.0,527.0,59.0,54.0,42.0,0,681,2024-05-20
FAC00059,2024-05,5416.0,230.0,131.0,21.0,,401.0,469.0,,33.0,0,698,2024-05-30
FAC00059,2024-06,5920.0,251.0,153.0,24.0,480.0,438.0,51.0,37.0,26.0,0,678,2024-07-07
FAC00060,2024-01,7984.0,18.0,,6.0,714.0,330.0,292.0,223.0,158.0,0,745,2024-02-06
FAC00060,2024-02,7508.0,17.0,9.0,5.0,671.0,310.0,205.0,151.0,112.0,0,737,2024-03-07
FAC00060,2024-03,10574.0,,13.0,10.0,946.0,437.0,304.0,280.0,256.0,0,713,2024-04-02
FAC00060,2024-04,11063.0,26.0,16.0,9.0,990.0,458.0,387.0,288.0,225.0,1,730,2024-05-12
FAC00060,2024-05,9334.0,22.0,,7.0,835.0,386.0,324.0,247.0,192.0,2,731,2024-06-12
FAC00060,2024-06,,22.0,11.0,7.0,838.0,388.0,328.0,320.0,275.0,1,754,2024-07-12
FAC00061,2024-01,4486.0,372.0,184.0,36.0,848.0,57.0,,30.0,25.0,0,501,2024-02-07
FAC00061,2024-02,3448.0,285.0,152.0,26.0,652.0,43.0,49.0,31.0,22.0,0,515,2024-03-19
FAC00061,2024-03,3476.0,288.0,95.0,26.0,657.0,44.0,37.0,32.0,29.0,0,517,2024-04-14
FAC00061,2024-04,3979.0,330.0,137.0,,2015.0,50.0,44.0,42.0,32.0,0,506,2024-05-17
FAC00061,2024-05,5036.0,417.0,182.0,37.0,952.0,64.0,42.0,35.0,31.0,0,492,2024-06-17
FAC00061,2024-06,3847.0,319.0,170.0,29.0,727.0,49.0,38.0,28.0,25.0,0,502,2024-07-19
FAC00062,2024-01,3421.0,651.0,44.0,28.0,458.0,692.0,298.0,222.0,16.0,0,948,2024-02-13
FAC00062,2024-02,2690.0,512.0,33.0,25.0,360.0,544.0,223.0,186.0,12.0,0,939,2024-03-14
FAC00062,2024-04,3015.0,573.0,35.0,20.0,403.0,610.0,239.0,197.0,12.0,0,950,2024-05-14
FAC00062,2024-05,2673.0,508.0,32.0,,358.0,541.0,214.0,153.0,11.0,2,910,2024-06-22
FAC00062,2024-06,3088.0,587.0,38.0,25.0,959.0,,256.0,183.0,13.0,1,881,2024-07-12
FAC00063,2024-01,5260.0,126.0,38.0,30.0,73.0,153.0,110.0,94.0,68.0,3,927,2024-02-15
FAC00063,2024-02,6500.0,156.0,51.0,38.0,90.0,189.0,152.0,130.0,112.0,1,892,2024-03-11
FAC00063,2024-03,6262.0,150.0,179.0,73.0,87.0,182.0,154.0,134.0,123.0,4,865,2024-04-21
FAC00063,2024-04,4847.0,116.0,37.0,19.0,67.0,141.0,124.0,118.0,107.0,2,893,2024-05-14
FAC00063,2024-05,5647.0,135.0,88.0,52.0,78.0,164.0,116.0,,93.0,2,877,2024-06-10
FAC00063,2024-06,6520.0,156.0,95.0,49.0,90.0,189.0,,103.0,93.0,1,858,2024-07-30
FAC00064,2024-01,6409.0,60.0,25.0,12.0,584.0,393.0,248.0,91.0,82.0,0,467,2024-02-10
FAC00064,2024-02,8778.0,82.0,100.0,25.0,801.0,539.0,346.0,119.0,101.0,0,431,2024-03-14
FAC00064,2024-03,9628.0,90.0,30.0,20.0,878.0,591.0,487.0,126.0,91.0,0,449,2024-04-28
FAC00064,2024-04,9046.0,85.0,58.0,39.0,825.0,555.0,420.0,117.0,107.0,0,475,2024-05-04
FAC00064,2024-05,9485.0,89.0,40.0,31.0,865.0,582.0,441.0,124.0,99.0,0,434,2024-06-29
FAC00064,2024-06,7791.0,73.0,34.0,28.0,711.0,478.0,343.0,105.0,82.0,0,440,2024-07-13
FAC00065,2024-01,9775.0,615.0,234.0,174.0,763.0,910.0,514.0,31.0,22.0,5,746,2024-02-20
FAC00065,2024-02,8912.0,560.0,203.0,180.0,695.0,830.0,446.0,27.0,23.0,6,791,2024-03-13
FAC00065,2024-03,10631.0,668.0,234.0,131.0,830.0,990.0,515.0,31.0,25.0,5,791,2024-04-21
FAC00065,2024-04,9874.0,621.0,215.0,148.0,771.0,919.0,472.0,28.0,21.0,7,740,2024-05-15
FAC00065,2024-05,10094.0,635.0,212.0,138.0,788.0,940.0,489.0,29.0,24.0,5,777,2024-06-16
FAC00065,2024-06,9934.0,625.0,227.0,147.0,775.0,925.0,498.0,30.0,21.0,3,751,2024-07-14
FAC00066,2024-01,3963.0,139.0,80.0,61.0,421.0,9.0,6.0,5.0,3.0,0,926,2024-02-20
FAC00066,2024-02,4678.0,164.0,90.0,64.0,497.0,10.0,8.0,5.0,4.0,0,935,2024-03-07
FAC00066,2024-03,4500.0,158.0,72.0,59.0,479.0,10.0,6.0,4.0,3.0,0,897,2024-04-18
FAC00066,2024-03,4665.0,158.0,72.0,59.0,479.0,10.0,6.0,4.0,3.0,0,897,2024-04-18
FAC00066,2024-04,4081.0,143.0,75.0,37.0,434.0,9.0,6.0,4.0,3.0,0,906,2024-05-20
FAC00066,2024-05,4771.0,167.0,71.0,63.0,507.0,10.0,10.0,6.0,5.0,0,961,2024-06-05
FAC00066,2024-06,5130.0,180.0,99.0,77.0,546.0,11.0,6.0,5.0,,0,924,2024-07-03
FAC00067,2024-01,3977.0,114.0,39.0,23.0,179.0,284.0,178.0,147.0,107.0,3,322,2024-02-06
FAC00067,2024-02,3340.0,95.0,42.0,,150.0,,175.0,171.0,107.0,0,305,2024-03-12
FAC00067,2024-03,3427.0,98.0,61.0,37.0,154.0,245.0,171.0,146.0,106.0,0,316,2024-04-16
FAC00067,2024-04,4610.0,132.0,58.0,49.0,207.0,329.0,260.0,243.0,141.0,1,324,2024-05-08
FAC00067,2024-05,3610.0,103.0,62.0,39.0,162.0,258.0,211.0,160.0,112.0,0,325,2024-06-03
FAC00067,2024-06,3496.0,100.0,51.0,34.0,157.0,250.0,224.0,182.0,112.0,1,328,2024-06-25
FAC00068,2024-01,1495.0,286.0,166.0,,903.0,480.0,360.0,255.0,219.0,5,933,2024-02-07
FAC00068,2024-02,1213.0,232.0,,44.0,733.0,389.0,239.0,233.0,190.0,6,920,2024-03-15
FAC00068,2024-03,1472.0,282.0,158.0,116.0,890.0,472.0,297.0,296.0,223.0,8,859,2024-04-07
FAC00068,2024-04,1680.0,322.0,225.0,160.0,1015.0,539.0,457.0,367.0,252.0,2,933,2024-05-13
FAC00068,2024-05,1321.0,253.0,,60.0,799.0,424.0,297.0,252.0,200.0,5,907,2024-06-06
FAC00068,2024-06,1331.0,255.0,147.0,76.0,804.0,427.0,324.0,256.0,197.0,1,898,2024-07-10
FAC00069,2024-01,5724.0,98.0,29.0,24.0,908.0,877.0,364.0,119.0,90.0,1,503,2024-02-11
FAC00069,2024-02,5218.0,89.0,50.0,43.0,827.0,799.0,316.0,104.0,84.0,1,475,2024-03-03
FAC00069,2024-03,6129.0,105.0,42.0,,972.0,939.0,358.0,118.0,85.0,2,470,2024-03-29
FAC00069,2024-04,4935.0,85.0,40.0,28.0,782.0,756.0,285.0,93.0,75.0,2,499,2024-05-19
FAC00069,2024-05,5833.0,100.0,38.0,19.0,925.0,894.0,341.0,112.0,88.0,0,494,2024-06-07
FAC00069,2024-06,4184.0,72.0,30.0,21.0,663.0,641.0,253.0,83.0,69.0,1,503,2024-07-09
FAC00070,2024-01,1461.0,246.0,89.0,47.0,525.0,733.0,104.0,95.0,81.0,4,863,2024-02-11
FAC00070,2024-02,1485.0,250.0,157.0,99.0,534.0,745.0,101.0,79.0,73.0,6,884,2024-03-24
FAC00070,2024-03,1786.0,301.0,93.0,79.0,643.0,896.0,118.0,,91.0,3,868,2024-04-20
FAC00070,2024-04,1750.0,294.0,111.0,58.0,629.0,878.0,114.0,112.0,88.0,6,852,2024-05-26
FAC00070,2024-05,1436.0,242.0,,50.0,517.0,720.0,95.0,82.0,73.0,3,857,2024-06-21
FAC00070,2024-06,1841.0,310.0,,84.0,662.0,923.0,126.0,100.0,78.0,4,885,2024-07-08
FAC00071,2024-01,7894.0,160.0,49.0,30.0,865.0,563.0,79.0,59.0,45.0,1,243,2024-02-16
FAC00071,2024-02,,132.0,,29.0,717.0,467.0,62.0,57.0,47.0,0,254,2024-03-22
FAC00071,2024-03,,188.0,57.0,36.0,1016.0,661.0,85.0,62.0,56.0,3,244,2024-04-10
FAC00071,2024-04,,,51.0,37.0,776.0,505.0,64.0,49.0,38.0,0,248,2024-05-24
FAC00071,2024-04,,,51.0,37.0,776.0,505.0,64.0,49.0,38.0,0,248,2024-05-24
FAC00071,2024-05,8514.0,172.0,73.0,53.0,933.0,607.0,78.0,61.0,48.0,2,262,2024-07-02
FAC00071,2024-06,6589.0,133.0,84.0,54.0,722.0,470.0,63.0,44.0,35.0,3,254,2024-07-22
FAC00072,2024-01,6975.0,56.0,34.0,17.0,129.0,830.0,604.0,201.0,106.0,4,985,2024-03-05
FAC00072,2024-02,6631.0,53.0,34.0,28.0,123.0,789.0,651.0,,96.0,2,994,2024-03-23
FAC00072,2024-03,8278.0,66.0,24.0,14.0,153.0,985.0,785.0,220.0,116.0,2,917,2024-04-17
FAC00072,2024-04,7416.0,59.0,40.0,23.0,137.0,882.0,695.0,194.0,103.0,1,926,2024-05-21
FAC00072,2024-06,6745.0,54.0,20.0,13.0,125.0,802.0,562.0,185.0,98.0,1,917,2024-07-31
FAC00073,2024-01,10406.0,244.0,108.0,56.0,811.0,,104.0,77.0,69.0,3,1106,2024-02-28
FAC00073,2024-02,8142.0,191.0,75.0,56.0,634.0,95.0,66.0,58.0,54.0,3,1025,2024-03-16
FAC00073,2024-03,9479.0,222.0,118.0,80.0,738.0,111.0,89.0,65.0,52.0,1,1107,2024-04-05
FAC00073,2024-04,9320.0,219.0,114.0,62.0,726.0,109.0,78.0,63.0,57.0,3,1061,2024-05-27
FAC00073,2024-05,10733.0,,135.0,117.0,836.0,,108.0,74.0,63.0,1,1068,2024-06-18
FAC00073,2024-06,8424.0,198.0,105.0,81.0,656.0,99.0,108.0,52.0,40.0,0,1113,2024-07-21
FAC00074,2024-01,5429.0,509.0,309.0,4.0,613.0,227.0,,97.0,46.0,1,1128,2024-02-14
FAC00074,2024-02,5606.0,526.0,275.0,4.0,633.0,234.0,161.0,115.0,46.0,2,1138,2024-03-30
FAC00074,2024-03,6131.0,575.0,187.0,4.0,693.0,256.0,214.0,175.0,48.0,0,1136,2024-04-19
FAC00074,2024-04,7267.0,682.0,376.0,,821.0,304.0,269.0,256.0,57.0,1,1193,2024-05-18
FAC00074,2024-05,7383.0,693.0,387.0,5.0,834.0,308.0,242.0,197.0,,1,1195,2024-06-22
FAC00074,2024-06,5693.0,534.0,304.0,4.0,643.0,238.0,151.0,108.0,46.0,1,1127,2024-07-18
FAC00075,2024-01,7932.0,275.0,54.0,32.0,237.0,264.0,63.0,57.0,,3,394,2024-02-26
FAC00075,2024-02,6606.0,229.0,43.0,24.0,198.0,220.0,50.0,41.0,28.0,4,403,2024-03-03
FAC00075,2024-03,6838.0,,43.0,26.0,204.0,227.0,50.0,39.0,34.0,4,389,2024-04-17
FAC00075,2024-04,9685.0,335.0,60.0,51.0,290.0,322.0,71.0,60.0,51.0,2,383,2024-05-08
FAC00075,2024-05,8530.0,295.0,53.0,,255.0,284.0,63.0,50.0,40.0,5,401,2024-06-23
FAC00075,2024-06,8654.0,300.0,56.0,50.0,259.0,288.0,,47.0,33.0,6,402,2024-07-19
FAC00076,2024-01,1457.0,308.0,129.0,59.0,725.0,528.0,388.0,31.0,25.0,0,424,2024-02-05
FAC00076,2024-02,1412.0,298.0,110.0,54.0,703.0,511.0,332.0,29.0,24.0,3,416,2024-03-10
FAC00076,2024-03,1569.0,331.0,108.0,58.0,781.0,568.0,420.0,31.0,28.0,1,397,2024-04-04
FAC00076,2024-04,1811.0,383.0,132.0,66.0,902.0,656.0,533.0,35.0,30.0,0,394,2024-05-08
FAC00076,2024-05,1923.0,406.0,157.0,71.0,957.0,697.0,573.0,38.0,27.0,0,425,2024-06-17
FAC00076,2024-06,1295.0,273.0,82.0,41.0,644.0,469.0,338.0,26.0,,2,415,2024-07-16
FAC00077,2024-01,6697.0,511.0,182.0,162.0,15.0,11.0,9.0,8.0,7.0,7,881,2024-01-30
FAC00077,2024-02,8228.0,628.0,213.0,140.0,18.0,14.0,12.0,,8.0,4,837,2024-03-23
FAC00077,2024-03,8763.0,668.0,219.0,157.0,55.0,15.0,10.0,8.0,6.0,4,836,2024-04-06
FAC00077,2024-04,7616.0,581.0,188.0,147.0,17.0,13.0,9.0,,4.0,6,854,2024-05-15
FAC00077,2024-05,8091.0,617.0,202.0,159.0,18.0,13.0,11.0,8.0,7.0,1,884,2024-06-30
FAC00077,2024-06,6625.0,505.0,171.0,104.0,15.0,11.0,7.0,5.0,4.0,5,846,2024-07-15
FAC00078,2024-01,7357.0,24.0,,6.0,513.0,38.0,28.0,22.0,17.0,0,176,2024-02-16
FAC00078,2024-02,7774.0,26.0,8.0,5.0,542.0,40.0,24.0,,18.0,1,176,2024-03-08
FAC00078,2024-03,8196.0,27.0,17.0,,571.0,42.0,29.0,24.0,17.0,0,179,2024-04-25
FAC00078,2024-04,6522.0,,8.0,6.0,454.0,34.0,39.0,20.0,16.0,1,171,2024-05-09
FAC00078,2024-05,7146.0,24.0,8.0,5.0,498.0,37.0,,27.0,24.0,0,169,2024-06-10
FAC00078,2024-06,6334.0,21.0,13.0,10.0,441.0,33.0,21.0,16.0,15.0,2,169,2024-07-22
FAC00079,2024-01,4075.0,129.0,14.0,9.0,28.0,,335.0,59.0,47.0,1,153,2024-02-12
FAC00079,2024-02,4822.0,153.0,16.0,8.0,33.0,,378.0,67.0,58.0,2,161,2024-03-13
FAC00079,2024-03,4799.0,152.0,15.0,12.0,,,363.0,64.0,52.0,2,152,2024-04-24
FAC00079,2024-04,4360.0,138.0,13.0,10.0,30.0,531.0,326.0,58.0,51.0,5,164,2024-05-08
FAC00079,2024-05,4334.0,138.0,14.0,8.0,30.0,528.0,328.0,58.0,48.0,2,155,2024-06-07
FAC00079,2024-06,4377.0,139.0,14.0,9.0,30.0,533.0,343.0,61.0,44.0,4,153,2024-07-14
FAC00080,2024-01,5448.0,99.0,31.0,19.0,650.0,313.0,230.0,169.0,152.0,8,707,2024-01-25
FAC00080,2024-02,7727.0,141.0,42.0,35.0,923.0,444.0,311.0,248.0,175.0,5,709,2024-03-05
FAC00080,2024-03,6468.0,118.0,34.0,19.0,772.0,372.0,237.0,232.0,,5,765,2024-04-03
FAC00080,2024-04,6854.0,125.0,36.0,21.0,818.0,394.0,340.0,282.0,216.0,3,721,2024-04-20
FAC00080,2024-05,8236.0,150.0,43.0,37.0,983.0,473.0,,324.0,296.0,3,752,2024-06-05
FAC00081,2024-01,4546.0,267.0,184.0,108.0,608.0,313.0,232.0,166.0,137.0,1,661,2024-02-11
FAC00081,2024-02,5994.0,352.0,159.0,131.0,802.0,413.0,298.0,243.0,,3,682,2024-03-20
FAC00081,2024-03,5363.0,315.0,106.0,55.0,718.0,369.0,251.0,218.0,205.0,4,691,2024-04-15
FAC00081,2024-04,6265.0,368.0,112.0,90.0,838.0,431.0,297.0,249.0,224.0,1,666,2024-05-19
FAC00081,2024-05,7078.0,415.0,133.0,77.0,947.0,487.0,340.0,282.0,242.0,3,699,2024-06-04
FAC00081,2024-06,5825.0,342.0,227.0,153.0,,401.0,290.0,207.0,178.0,7,696,2024-06-30
FAC00082,2024-01,6399.0,405.0,279.0,250.0,,599.0,125.0,122.0,94.0,4,592,2024-02-16
FAC00082,2024-02,8849.0,560.0,645.0,213.0,758.0,828.0,165.0,145.0,112.0,4,608,2024-03-25
FAC00082,2024-03,9144.0,,319.0,260.0,783.0,856.0,165.0,125.0,104.0,5,577,2024-04-02
FAC00082,2024-04,7489.0,474.0,220.0,165.0,641.0,701.0,133.0,94.0,71.0,4,602,2024-05-18
FAC00082,2024-06,8305.0,525.0,314.0,200.0,,777.0,875.0,125.0,88.0,2,612,2024-07-12
FAC00083,2024-01,10983.0,273.0,11.0,8.0,,874.0,962.0,9.0,8.0,0,536,2024-02-08
FAC00083,2024-02,11341.0,282.0,11.0,8.0,581.0,902.0,91.0,9.0,7.0,0,547,2024-03-24
FAC00083,2024-03,9683.0,241.0,,5.0,496.0,770.0,,7.0,5.0,0,577,2024-04-24
FAC00083,2024-04,8887.0,221.0,8.0,,455.0,707.0,68.0,,4.0,0,546,2024-05-15
FAC00083,2024-05,8590.0,214.0,8.0,6.0,440.0,683.0,67.0,6.0,5.0,0,548,2024-06-10
FAC00083,2024-06,10292.0,256.0,10.0,,527.0,819.0,83.0,8.0,7.0,0,560,2024-07-15
FAC00084,2024-01,5837.0,205.0,,96.0,406.0,35.0,21.0,,16.0,7,363,2024-02-19
FAC00084,2024-02,5894.0,207.0,,60.0,410.0,35.0,22.0,19.0,16.0,6,378,2024-03-20
FAC00084,2024-03,5371.0,189.0,102.0,70.0,,32.0,20.0,,,3,380,2024-04-28
FAC00084,2024-04,7271.0,256.0,142.0,84.0,1431.0,44.0,28.0,24.0,,7,379,2024-05-09
FAC00084,2024-05,6197.0,218.0,110.0,64.0,431.0,37.0,28.0,25.0,19.0,6,391,2024-06-09
FAC00084,2024-06,21450.0,236.0,89.0,72.0,467.0,40.0,29.0,28.0,20.0,1,387,2024-07-22
FAC00085,2024-01,10890.0,267.0,27.0,,170.0,648.0,5.0,4.0,3.0,5,179,2024-01-29
FAC00085,2024-02,11541.0,283.0,27.0,18.0,,687.0,,4.0,2.0,5,184,2024-03-02
FAC00085,2024-03,12041.0,,27.0,22.0,188.0,717.0,5.0,4.0,3.0,5,191,2024-04-04
FAC00085,2024-04,,259.0,24.0,12.0,165.0,630.0,5.0,3.0,2.0,8,182,2024-05-04
FAC00085,2024-05,9114.0,223.0,21.0,14.0,142.0,543.0,4.0,3.0,2.0,7,183,2024-06-06
FAC00085,2024-06,9405.0,230.0,22.0,11.0,147.0,560.0,4.0,3.0,2.0,2,195,2024-07-10
FAC00086,2024-01,8493.0,316.0,194.0,119.0,825.0,22.0,13.0,10.0,7.0,2,61,2024-02-12
FAC00086,2024-02,6387.0,238.0,99.0,87.0,1309.0,16.0,11.0,8.0,7.0,1,60,2024-03-12
FAC00086,2024-03,6532.0,243.0,,59.0,1727.0,17.0,13.0,9.0,8.0,1,61,2024-04-02
FAC00086,2024-04,8663.0,323.0,180.0,122.0,842.0,22.0,17.0,12.0,11.0,2,60,2024-05-13
FAC00086,2024-05,8218.0,306.0,144.0,123.0,799.0,21.0,16.0,13.0,9.0,0,62,2024-06-11
FAC00086,2024-06,8150.0,303.0,178.0,131.0,792.0,21.0,16.0,15.0,13.0,1,61,2024-07-05
FAC00087,2024-01,4398.0,264.0,99.0,49.0,270.0,636.0,444.0,339.0,263.0,0,376,2024-01-27
FAC00087,2024-02,5914.0,355.0,209.0,107.0,364.0,855.0,568.0,414.0,344.0,0,367,2024-03-07
FAC00087,2024-03,6159.0,370.0,201.0,108.0,379.0,891.0,572.0,437.0,378.0,0,356,2024-04-16
FAC00087,2024-04,6783.0,407.0,244.0,118.0,417.0,981.0,622.0,475.0,378.0,0,381,2024-05-23
FAC00087,2024-05,6483.0,389.0,201.0,114.0,399.0,938.0,602.0,460.0,423.0,0,369,2024-06-07
FAC00087,2024-06,5758.0,346.0,188.0,104.0,354.0,833.0,,422.0,295.0,0,371,2024-07-02
FAC00088,2024-01,458.0,361.0,124.0,100.0,493.0,153.0,,111.0,82.0,2,896,2024-02-20
FAC00088,2024-02,409.0,323.0,190.0,152.0,440.0,137.0,91.0,77.0,60.0,4,945,2024-02-29
FAC00088,2024-03,392.0,309.0,206.0,146.0,901.0,131.0,94.0,80.0,68.0,2,965,2024-04-04
FAC00088,2024-04,514.0,405.0,194.0,129.0,553.0,172.0,106.0,74.0,61.0,4,967,2024-05-15
FAC00088,2024-05,543.0,428.0,214.0,135.0,584.0,433.0,163.0,131.0,105.0,2,883,2024-06-02
FAC00088,2024-06,476.0,376.0,174.0,117.0,513.0,160.0,98.0,72.0,57.0,1,906,2024-07-07
FAC00089,2024-01,7985.0,231.0,88.0,55.0,248.0,607.0,139.0,,5.0,1,592,2024-02-02
FAC00089,2024-02,8496.0,245.0,144.0,,264.0,646.0,141.0,7.0,6.0,3,602,2024-03-08
FAC00089,2024-03,9926.0,287.0,170.0,118.0,308.0,755.0,160.0,8.0,7.0,0,605,2024-04-09
FAC00089,2024-04,9356.0,270.0,337.0,80.0,291.0,712.0,149.0,7.0,5.0,0,646,2024-05-11
FAC00089,2024-05,11100.0,321.0,208.0,135.0,345.0,844.0,179.0,9.0,6.0,2,607,2024-06-21
FAC00089,2024-06,11919.0,344.0,150.0,84.0,370.0,907.0,198.0,10.0,7.0,0,653,2024-07-08
FAC00090,2024-01,,47.0,23.0,18.0,284.0,585.0,450.0,423.0,362.0,0,1127,2024-02-02
FAC00090,2024-02,5283.0,60.0,31.0,25.0,362.0,745.0,557.0,548.0,409.0,0,1141,2024-03-11
FAC00090,2024-03,5716.0,65.0,22.0,12.0,392.0,807.0,524.0,,425.0,0,1069,2024-04-03
FAC00090,2024-04,4896.0,56.0,31.0,22.0,336.0,691.0,471.0,442.0,,0,1140,2024-05-09
FAC00090,2024-05,4286.0,49.0,23.0,18.0,294.0,605.0,472.0,,303.0,0,1058,2024-06-06
FAC00090,2024-06,4008.0,46.0,28.0,22.0,275.0,565.0,457.0,446.0,325.0,0,1059,2024-07-08
FAC00091,2024-01,4130.0,128.0,44.0,38.0,198.0,434.0,298.0,91.0,36.0,2,247,2024-02-12
FAC00091,2024-02,4304.0,134.0,77.0,44.0,206.0,,284.0,90.0,36.0,3,258,2024-03-07
FAC00091,2024-03,,142.0,81.0,64.0,219.0,480.0,314.0,93.0,37.0,1,246,2024-04-23
FAC00091,2024-04,6358.0,198.0,87.0,48.0,305.0,668.0,480.0,128.0,51.0,2,240,2024-05-22
FAC00091,2024-05,5402.0,168.0,63.0,51.0,259.0,567.0,401.0,110.0,43.0,1,242,2024-06-13
FAC00091,2024-06,5659.0,176.0,121.0,94.0,271.0,595.0,431.0,119.0,47.0,0,241,2024-07-01
FAC00092,2024-01,5947.0,586.0,222.0,174.0,561.0,455.0,346.0,18.0,16.0,4,545,2024-02-18
FAC00092,2024-02,5606.0,552.0,,146.0,529.0,429.0,262.0,17.0,15.0,3,544,2024-03-26
FAC00092,2024-03,7691.0,758.0,341.0,217.0,725.0,589.0,378.0,22.0,17.0,6,542,2024-04-28
FAC00092,2024-04,6454.0,,,180.0,609.0,494.0,324.0,18.0,14.0,2,528,2024-05-11
FAC00092,2024-05,5222.0,514.0,318.0,147.0,492.0,400.0,359.0,15.0,11.0,5,511,2024-06-25
FAC00092,2024-06,5442.0,536.0,270.0,159.0,513.0,416.0,276.0,16.0,13.0,4,527,2024-07-10
FAC00093,2024-01,9779.0,434.0,163.0,42.0,456.0,107.0,87.0,68.0,55.0,1,641,2024-02-14
FAC00093,2024-02,9309.0,414.0,147.0,38.0,434.0,102.0,64.0,59.0,51.0,3,616,2024-03-25
FAC00093,2024-03,8632.0,383.0,132.0,34.0,402.0,94.0,60.0,50.0,38.0,4,648,2024-04-26
FAC00093,2024-04,8757.0,,132.0,34.0,408.0,96.0,76.0,60.0,47.0,2,620,2024-05-24
FAC00093,2024-05,9908.0,,146.0,39.0,462.0,108.0,92.0,71.0,63.0,3,672,2024-07-11
FAC00093,2024-06,9258.0,411.0,,38.0,431.0,101.0,88.0,77.0,66.0,3,655,2024-07-19
FAC00094,2024-01,5422.0,143.0,85.0,71.0,267.0,253.0,21.0,,16.0,3,98,2024-02-23
FAC00094,2024-02,5929.0,156.0,58.0,48.0,292.0,277.0,22.0,21.0,16.0,5,100,2024-03-11
FAC00094,2024-03,5280.0,139.0,89.0,66.0,260.0,246.0,19.0,13.0,10.0,7,91,2024-04-08
FAC00094,2024-04,5197.0,,41.0,26.0,255.0,243.0,18.0,15.0,13.0,4,92,2024-06-03
FAC00094,2024-05,4242.0,,36.0,23.0,208.0,198.0,15.0,14.0,9.0,4,98,2024-06-21
FAC00094,2024-06,,121.0,73.0,,226.0,215.0,17.0,14.0,12.0,7,93,2024-07-22
FAC00095,2024-01,,122.0,43.0,27.0,672.0,265.0,185.0,64.0,51.0,4,889,2024-02-10
FAC00095,2024-02,,143.0,49.0,25.0,791.0,311.0,275.0,71.0,51.0,3,958,2024-03-08
FAC00095,2024-03,2267.0,122.0,42.0,28.0,673.0,265.0,224.0,59.0,,1,956,2024-04-13
FAC00095,2024-04,3277.0,177.0,114.0,76.0,973.0,383.0,278.0,,64.0,1,964,2024-05-13
FAC00095,2024-05,2269.0,122.0,49.0,38.0,,265.0,212.0,59.0,50.0,1,941,2024-06-21
FAC00095,2024-06,,155.0,60.0,44.0,856.0,337.0,293.0,77.0,57.0,2,884,2024-07-08
FAC00096,2024-01,5497.0,306.0,182.0,141.0,349.0,,125.0,108.0,78.0,0,1035,2024-01-27
FAC00096,2024-02,7787.0,434.0,150.0,102.0,495.0,277.0,166.0,141.0,131.0,0,1010,2024-03-05
FAC00096,2024-03,6283.0,350.0,139.0,83.0,399.0,224.0,131.0,111.0,96.0,0,1019,2024-04-07
FAC00096,2024-04,7776.0,433.0,144.0,121.0,494.0,277.0,161.0,154.0,119.0,0,1023,2024-05-11
FAC00096,2024-05,6779.0,378.0,226.0,171.0,431.0,241.0,142.0,,89.0,0,1027,2024-05-29
FAC00096,2024-06,5508.0,307.0,103.0,78.0,350.0,196.0,119.0,84.0,79.0,0,1058,2024-07-11
FAC00097,2024-01,6933.0,406.0,132.0,113.0,123.0,118.0,77.0,61.0,47.0,0,1042,2024-02-18
FAC00097,2024-02,8390.0,492.0,156.0,82.0,149.0,142.0,110.0,104.0,90.0,0,1099,2024-03-14
FAC00097,2024-03,8853.0,519.0,281.0,220.0,157.0,150.0,104.0,94.0,78.0,0,1081,2024-04-17
FAC00097,2024-04,8646.0,,291.0,197.0,153.0,147.0,102.0,85.0,78.0,0,1050,2024-05-17
FAC00097,2024-05,7021.0,412.0,210.0,,124.0,119.0,88.0,80.0,58.0,0,1083,2024-06-17
FAC00097,2024-06,,400.0,276.0,234.0,121.0,116.0,82.0,77.0,68.0,0,1094,2024-07-28
FAC00098,2024-01,4680.0,40.0,12.0,7.0,791.0,848.0,442.0,322.0,244.0,0,491,2024-02-18
FAC00098,2024-02,3959.0,34.0,16.0,12.0,669.0,717.0,356.0,316.0,,0,478,2024-03-07
FAC00098,2024-03,3939.0,34.0,18.0,11.0,666.0,714.0,342.0,276.0,227.0,0,458,2024-04-16
FAC00098,2024-04,4173.0,36.0,,12.0,705.0,756.0,358.0,349.0,323.0,0,448,2024-05-23
FAC00098,2024-06,3744.0,32.0,21.0,16.0,633.0,678.0,337.0,268.0,245.0,4,446,2024-07-16
FAC00099,2024-01,11275.0,11.0,7.0,4.0,446.0,787.0,511.0,367.0,165.0,4,360,2024-02-09
FAC00099,2024-02,8226.0,8.0,3.0,2.0,325.0,,355.0,255.0,115.0,0,370,2024-02-28
FAC00099,2024-03,11146.0,11.0,7.0,3.0,441.0,778.0,464.0,334.0,150.0,0,367,2024-03-31
FAC00099,2024-04,,9.0,3.0,1.0,377.0,664.0,392.0,282.0,127.0,2,351,2024-04-27
FAC00099,2024-06,,9.0,2.0,1.0,379.0,668.0,413.0,297.0,133.0,0,370,2024-07-09
FAC00100,2024-01,4010.0,530.0,208.0,26.0,555.0,76.0,46.0,44.0,31.0,0,385,2024-01-30
FAC00100,2024-02,4170.0,552.0,223.0,26.0,577.0,79.0,58.0,43.0,31.0,0,398,2024-02-20
FAC00100,2024-03,4528.0,599.0,234.0,27.0,627.0,86.0,74.0,58.0,45.0,0,410,2024-03-29
FAC00100,2024-04,5600.0,741.0,286.0,33.0,775.0,106.0,81.0,56.0,43.0,0,402,2024-05-07
FAC00100,2024-05,5102.0,675.0,263.0,30.0,706.0,97.0,75.0,59.0,51.0,1,383,2024-06-07
FAC00100,2024-06,4153.0,549.0,222.0,26.0,575.0,79.0,64.0,48.0,36.0,1,392,2024-06-30
